
  <rss version="2.0" xmlns:atom="http://www.w3.org/2005/Atom">
    <channel>
      <title>{t("common:title")}</title>
      <link>https://maskh.ir/blog</link>
      <description>Anthropology &amp; Peace on Travel</description>
      <language>fa</language>
      <managingEditor>contact at vahidtakro.com (Vahid Takro)</managingEditor>
      <webMaster>contact at vahidtakro.com (Vahid Takro)</webMaster>
      <lastBuildDate>Wed, 17 May 2017 00:00:00 GMT</lastBuildDate>
      <atom:link href="https://maskh.ir/tags/russian/feed.xml" rel="self" type="application/rss+xml"/>
      
  <item>
    <guid>https://maskh.ir/blog/ukraine/wedding-vorontsov-palace-alupka</guid>
    <title>Wedding at Vorontsov Palace (Alupka)</title>
    <link>https://maskh.ir/blog/ukraine/wedding-vorontsov-palace-alupka</link>
    undefined
    <pubDate>Wed, 17 May 2017 00:00:00 GMT</pubDate>
    <author>contact at vahidtakro.com (Vahid Takro)</author>
    <category>backsea</category><category>churchill</category><category>crimea</category><category>crimean</category><category>russia</category><category>russian</category><category>swimming</category><category>ukraine</category><category>vahidtakro</category><category>vorontsov</category><category>winstonchurchill</category><category>worldwarii</category><category>yalta</category><category>yaltaconference</category>
  </item>

    </channel>
  </rss>
