
  <rss version="2.0" xmlns:atom="http://www.w3.org/2005/Atom">
    <channel>
      <title>{t("common:title")}</title>
      <link>https://maskh.ir/blog</link>
      <description>Anthropology &amp; Peace on Travel</description>
      <language>fa</language>
      <managingEditor>contact at vahidtakro.com (Vahid Takro)</managingEditor>
      <webMaster>contact at vahidtakro.com (Vahid Takro)</webMaster>
      <lastBuildDate>Tue, 16 Oct 2018 00:00:00 GMT</lastBuildDate>
      <atom:link href="https://maskh.ir/tags/canada/feed.xml" rel="self" type="application/rss+xml"/>
      
  <item>
    <guid>https://maskh.ir/iran/travel-to-khuzestan-travel-guide</guid>
    <title>Travel To Khuzestan (Travel Guide)</title>
    <link>https://maskh.ir/iran/travel-to-khuzestan-travel-guide</link>
    <description>The name Khuzestan means &quot;The Land of the Khuzi&quot;, and refers to the original inhabitants of this province, the &quot;Susian&quot; people (Old Persian &quot;Huza&quot;, Middle Persian &quot;Khuzi&quot; or &quot;Husa&quot;), The ancient Persian dialects dating back 2,500 years ago have been used the name of the Elam, as the word &quot;Khor&quot;. Historically, Khuzestan is the oldest region of the Iranian plateau, with its human habitat up to 2700 BC and the formation of the Elamite civilization in the third millennium BC.</description>
    <pubDate>Tue, 16 Oct 2018 00:00:00 GMT</pubDate>
    <author>contact at vahidtakro.com (Vahid Takro)</author>
    <category>holiday</category><category>canada</category><category>images</category>
  </item>

  <item>
    <guid>https://maskh.ir/pictures-of-canada</guid>
    <title>O Canada</title>
    <link>https://maskh.ir/pictures-of-canada</link>
    <description>The scenic lands of Canada featuring maple leaves, snow-capped mountains, turquoise lakes and Toronto. Take in the sights in this photo gallery exhibition and see how easy it is to replicate with some MDX magic and tailwind classes.</description>
    <pubDate>Sat, 15 Jul 2017 00:00:00 GMT</pubDate>
    <author>contact at vahidtakro.com (Vahid Takro)</author>
    <category>holiday</category><category>canada</category><category>images</category>
  </item>

    </channel>
  </rss>
