
  <rss version="2.0" xmlns:atom="http://www.w3.org/2005/Atom">
    <channel>
      <title>{t("common:title")}</title>
      <link>https://maskh.ir/blog</link>
      <description>Anthropology &amp; Peace on Travel</description>
      <language>fa</language>
      <managingEditor>contact at vahidtakro.com (Vahid Takro)</managingEditor>
      <webMaster>contact at vahidtakro.com (Vahid Takro)</webMaster>
      <lastBuildDate>Sun, 31 Jan 2021 00:00:00 GMT</lastBuildDate>
      <atom:link href="https://maskh.ir/tags/hello/feed.xml" rel="self" type="application/rss+xml"/>
      
  <item>
    <guid>https://maskh.ir/maskh/what-comes-from-heart</guid>
    <title>رویاها تا واقعیت</title>
    <link>https://maskh.ir/maskh/what-comes-from-heart</link>
    null
    <pubDate>Sun, 31 Jan 2021 00:00:00 GMT</pubDate>
    <author>contact at vahidtakro.com (Vahid Takro)</author>
    <category>hello</category>
  </item>

    </channel>
  </rss>
