
  <rss version="2.0" xmlns:atom="http://www.w3.org/2005/Atom">
    <channel>
      <title>{t("common:title")}</title>
      <link>https://maskh.ir/blog</link>
      <description>Anthropology &amp; Peace on Travel</description>
      <language>fa</language>
      <managingEditor>contact at vahidtakro.com (Vahid Takro)</managingEditor>
      <webMaster>contact at vahidtakro.com (Vahid Takro)</webMaster>
      <lastBuildDate>Wed, 28 Jul 2021 00:00:00 GMT</lastBuildDate>
      <atom:link href="https://maskh.ir/feed.xml" rel="self" type="application/rss+xml"/>
      
  <item>
    <guid>https://maskh.ir/welcome-to-maskh</guid>
    <title>Welcome to my new blog</title>
    <link>https://maskh.ir/welcome-to-maskh</link>
    <description>Welcome to this blog, I am now working on it</description>
    <pubDate>Wed, 28 Jul 2021 00:00:00 GMT</pubDate>
    <author>contact at vahidtakro.com (Vahid Takro)</author>
    <category>next-js</category><category>tailwind</category><category>guide</category>
  </item>

  <item>
    <guid>https://maskh.ir/maskh/what-comes-from-heart</guid>
    <title>رویاها تا واقعیت</title>
    <link>https://maskh.ir/maskh/what-comes-from-heart</link>
    null
    <pubDate>Sun, 31 Jan 2021 00:00:00 GMT</pubDate>
    <author>contact at vahidtakro.com (Vahid Takro)</author>
    <category>hello</category>
  </item>

  <item>
    <guid>https://maskh.ir/favorite-blogs</guid>
    <title>Favorite Blogs</title>
    <link>https://maskh.ir/favorite-blogs</link>
    <description>It is no coincidence that Père Lachaise Cemetery is a paradise for me, a paradise full of people who have played a significant role in my life. I will never forget the first time I came here, I was so excited to meet my favorite musician Frederic Chopin after all these years, but the doors were closed, I was late. But now I’m here to take you to the heaven, a different corner of this cold world.</description>
    <pubDate>Tue, 12 Jan 2021 00:00:00 GMT</pubDate>
    <author>contact at vahidtakro.com (Vahid Takro)</author>
    <category>France</category><category>Paris</category><category>Cemetery</category><category>Pere Lachaise</category>
  </item>

  <item>
    <guid>https://maskh.ir/france/paris-pere-lachaise-cemetery</guid>
    <title>Paris Père Lachaise Cemetery</title>
    <link>https://maskh.ir/france/paris-pere-lachaise-cemetery</link>
    <description>It is no coincidence that Père Lachaise Cemetery is a paradise for me, a paradise full of people who have played a significant role in my life. I will never forget the first time I came here, I was so excited to meet my favorite musician Frederic Chopin after all these years, but the doors were closed, I was late. But now I’m here to take you to the heaven, a different corner of this cold world.</description>
    <pubDate>Tue, 12 Jan 2021 00:00:00 GMT</pubDate>
    <author>contact at vahidtakro.com (Vahid Takro)</author>
    <category>France</category><category>Paris</category><category>Cemetery</category><category>Pere Lachaise</category>
  </item>

  <item>
    <guid>https://maskh.ir/iran/travel-to-khuzestan-travel-guide</guid>
    <title>Travel To Khuzestan (Travel Guide)</title>
    <link>https://maskh.ir/iran/travel-to-khuzestan-travel-guide</link>
    <description>The name Khuzestan means &quot;The Land of the Khuzi&quot;, and refers to the original inhabitants of this province, the &quot;Susian&quot; people (Old Persian &quot;Huza&quot;, Middle Persian &quot;Khuzi&quot; or &quot;Husa&quot;), The ancient Persian dialects dating back 2,500 years ago have been used the name of the Elam, as the word &quot;Khor&quot;. Historically, Khuzestan is the oldest region of the Iranian plateau, with its human habitat up to 2700 BC and the formation of the Elamite civilization in the third millennium BC.</description>
    <pubDate>Tue, 16 Oct 2018 00:00:00 GMT</pubDate>
    <author>contact at vahidtakro.com (Vahid Takro)</author>
    <category>holiday</category><category>canada</category><category>images</category>
  </item>

  <item>
    <guid>https://maskh.ir/pictures-of-canada</guid>
    <title>O Canada</title>
    <link>https://maskh.ir/pictures-of-canada</link>
    <description>The scenic lands of Canada featuring maple leaves, snow-capped mountains, turquoise lakes and Toronto. Take in the sights in this photo gallery exhibition and see how easy it is to replicate with some MDX magic and tailwind classes.</description>
    <pubDate>Sat, 15 Jul 2017 00:00:00 GMT</pubDate>
    <author>contact at vahidtakro.com (Vahid Takro)</author>
    <category>holiday</category><category>canada</category><category>images</category>
  </item>

  <item>
    <guid>https://maskh.ir/ukraine/wedding-vorontsov-palace-alupka</guid>
    <title>Wedding at Vorontsov Palace (Alupka)</title>
    <link>https://maskh.ir/ukraine/wedding-vorontsov-palace-alupka</link>
    undefined
    <pubDate>Wed, 17 May 2017 00:00:00 GMT</pubDate>
    <author>contact at vahidtakro.com (Vahid Takro)</author>
    <category>backsea</category><category>churchill</category><category>crimea</category><category>crimean</category><category>russia</category><category>russian</category><category>swimming</category><category>ukraine</category><category>vahidtakro</category><category>vorontsov</category><category>winstonchurchill</category><category>worldwarii</category><category>yalta</category><category>yaltaconference</category>
  </item>

    </channel>
  </rss>
