
  <rss version="2.0" xmlns:atom="http://www.w3.org/2005/Atom">
    <channel>
      <title>{t("common:title")}</title>
      <link>https://maskh.ir/blog</link>
      <description>Anthropology &amp; Peace on Travel</description>
      <language>fa</language>
      <managingEditor>contact at vahidtakro.com (Vahid Takro)</managingEditor>
      <webMaster>contact at vahidtakro.com (Vahid Takro)</webMaster>
      <lastBuildDate>Tue, 12 Jan 2021 00:00:00 GMT</lastBuildDate>
      <atom:link href="https://maskh.ir/destinations/france/feed.xml" rel="self" type="application/rss+xml"/>
      
  <item>
    <guid>https://maskh.ir/france/paris-pere-lachaise-cemetery</guid>
    <title>Paris Père Lachaise Cemetery</title>
    <link>https://maskh.ir/france/paris-pere-lachaise-cemetery</link>
    <description>It is no coincidence that Père Lachaise Cemetery is a paradise for me, a paradise full of people who have played a significant role in my life. I will never forget the first time I came here, I was so excited to meet my favorite musician Frederic Chopin after all these years, but the doors were closed, I was late. But now I’m here to take you to the heaven, a different corner of this cold world.</description>
    <pubDate>Tue, 12 Jan 2021 00:00:00 GMT</pubDate>
    <author>contact at vahidtakro.com (Vahid Takro)</author>
    <category>France</category><category>Paris</category><category>Cemetery</category><category>Pere Lachaise</category>
  </item>

    </channel>
  </rss>
