
  <rss version="2.0" xmlns:atom="http://www.w3.org/2005/Atom">
    <channel>
      <title>{t("common:title")}</title>
      <link>https://maskh.ir/blog</link>
      <description>Anthropology &amp; Peace on Travel</description>
      <language>fa</language>
      <managingEditor>contact at vahidtakro.com (Vahid Takro)</managingEditor>
      <webMaster>contact at vahidtakro.com (Vahid Takro)</webMaster>
      <lastBuildDate>Wed, 28 Jul 2021 00:00:00 GMT</lastBuildDate>
      <atom:link href="https://maskh.ir/tags/tailwind/feed.xml" rel="self" type="application/rss+xml"/>
      
  <item>
    <guid>https://maskh.ir/blog/welcome-to-maskh</guid>
    <title>Welcome to my new blog</title>
    <link>https://maskh.ir/blog/welcome-to-maskh</link>
    <description>Welcome to this blog, I am now working on it</description>
    <pubDate>Wed, 28 Jul 2021 00:00:00 GMT</pubDate>
    <author>contact at vahidtakro.com (Vahid Takro)</author>
    <category>next-js</category><category>tailwind</category><category>guide</category>
  </item>

    </channel>
  </rss>
